[{"@type":"mappingTemplate","id":"@1","name":"Mapping_RESTV2","description":"","autoExpireObject":false,"bundleVersion":"0","assetFrsGuid":"9JB5BMcjpaiclDwiMj1zkT","templateId":"@3","hasParameters":false,"valid":true,"fixedConnection":true,"hasParametersDeployed":false,"fixedConnectionDeployed":false,"isSchemaValidationEnabled":false,"tasks":0,"mappingPreviewFileRecordId":"@2","documentType":"MAPPING","allowMaxFieldLength":false,"references":[{"@type":"reference","refObjectId":"@4ueJMuGBs39h9mY4T3jJwj","refType":"connection"},{"@type":"reference","refObjectId":"@1coVc30FVqljwuoGtWxxk2","refType":"connection"}]}]